Company Name,Weight,Ram,Front Camera,Back Camera,Processor,Battery Capacity,Screen Size,Price,Launched Year,Storage,brand
Apple,174,6,12,48,Apple Bionic,3600,6.1,79999,2024,128,iPhone
Apple,174,6,12,48,Apple Bionic,3600,6.1,84999,2024,256,iPhone
Apple,174,6,12,48,Apple Bionic,3600,6.1,89999,2024,512,iPhone
Apple,203,6,12,48,Apple Bionic,4200,6.7,89999,2024,128,iPhone
Apple,203,6,12,48,Apple Bionic,4200,6.7,94999,2024,256,iPhone
Apple,203,6,12,48,Apple Bionic,4200,6.7,104999,2024,512,iPhone
Apple,206,6,12,50,Apple Bionic,4400,6.1,99999,2024,128,iPhone
Apple,206,8,12,50,Apple Bionic,4400,6.1,104999,2024,256,iPhone
Apple,206,8,12,50,Apple Bionic,4400,6.1,114999,2024,512,iPhone
Apple,221,6,12,48,Apple Bionic,4500,6.7,109999,2024,128,iPhone
Apple,221,8,12,48,Apple Bionic,4500,6.7,114999,2024,256,iPhone
Apple,221,8,12,48,Apple Bionic,4500,6.7,124999,2024,512,iPhone
Apple,171,6,12,48,Apple Bionic,3200,6.1,74999,2023,128,iPhone
Apple,171,6,12,48,Apple Bionic,3200,6.1,79999,2023,256,iPhone
Apple,171,6,12,48,Apple Bionic,3200,6.1,89999,2023,512,iPhone
Apple,203,6,12,48,Apple Bionic,4300,6.7,84999,2023,128,iPhone
Apple,203,6,12,48,Apple Bionic,4300,6.7,94999,2023,256,iPhone
Apple,203,6,12,48,Apple Bionic,4300,6.7,104999,2023,512,iPhone
Apple,206,6,12,48,Apple Bionic,4400,6.1,99999,2023,128,iPhone
Apple,206,8,12,48,Apple Bionic,4400,6.1,109999,2023,256,iPhone
Apple,206,8,12,48,Apple Bionic,4400,6.1,119999,2023,512,iPhone
Apple,221,6,12,48,Apple Bionic,4500,6.7,114999,2023,128,iPhone
Apple,221,8,12,48,Apple Bionic,4500,6.7,124999,2023,256,iPhone
Apple,221,8,12,48,Apple Bionic,4500,6.7,134999,2023,512,iPhone
Apple,172,6,12,12,Apple Bionic,3200,6.1,69999,2022,128,iPhone
Apple,172,6,12,12,Apple Bionic,3200,6.1,74999,2022,256,iPhone
Apple,172,6,12,12,Apple Bionic,3200,6.1,84999,2022,512,iPhone
Apple,203,6,12,12,Apple Bionic,4325,6.7,79999,2022,128,iPhone
Apple,203,6,12,12,Apple Bionic,4325,6.7,84999,2022,256,iPhone
Apple,203,6,12,12,Apple Bionic,4325,6.7,94999,2022,512,iPhone
Apple,206,6,12,48,Apple Bionic,4200,6.1,109999,2022,128,iPhone
Apple,206,8,12,48,Apple Bionic,4200,6.1,119999,2022,256,iPhone
Apple,206,8,12,48,Apple Bionic,4200,6.1,134999,2022,512,iPhone
Apple,221,6,12,48,Apple Bionic,4500,6.7,124999,2022,128,iPhone
Apple,221,8,12,48,Apple Bionic,4500,6.7,134999,2022,256,iPhone
Apple,221,8,12,48,Apple Bionic,4500,6.7,144999,2022,512,iPhone
Apple,140,4,12,12,Apple Bionic,2438,5.4,69900,2021,128,iPhone
Apple,140,4,12,12,Apple Bionic,2438,5.4,74900,2021,256,iPhone
Apple,140,4,12,12,Apple Bionic,2438,5.4,84900,2021,512,iPhone
Apple,174,4,12,12,Apple Bionic,3240,6.1,74900,2021,128,iPhone
Apple,174,4,12,12,Apple Bionic,3240,6.1,84900,2021,256,iPhone
Apple,174,4,12,12,Apple Bionic,3240,6.1,94900,2021,512,iPhone
Apple,204,6,12,12,Apple Bionic,3095,6.1,119900,2021,128,iPhone
Apple,204,6,12,12,Apple Bionic,3095,6.1,129900,2021,256,iPhone
Apple,204,6,12,12,Apple Bionic,3095,6.1,139900,2021,512,iPhone
Apple,238,6,12,12,Apple Bionic,4352,6.7,129900,2021,128,iPhone
Apple,238,6,12,12,Apple Bionic,4352,6.7,139900,2021,256,iPhone
Apple,238,6,12,12,Apple Bionic,4352,6.7,149900,2021,512,iPhone
Apple,135,4,12,12,Apple Bionic,2227,5.4,69900,2020,64,iPhone
Apple,135,4,12,12,Apple Bionic,2227,5.4,74900,2020,128,iPhone
Apple,135,4,12,12,Apple Bionic,2227,5.4,84900,2020,256,iPhone
Apple,164,4,12,12,Apple Bionic,2815,6.1,74900,2020,64,iPhone
Apple,164,4,12,12,Apple Bionic,2815,6.1,84900,2020,128,iPhone
Apple,164,4,12,12,Apple Bionic,2815,6.1,94900,2020,256,iPhone
Apple,189,6,12,12,Apple Bionic,2815,6.1,119900,2020,128,iPhone
Apple,189,6,12,12,Apple Bionic,2815,6.1,129900,2020,256,iPhone
Apple,189,6,12,12,Apple Bionic,2815,6.1,139900,2020,512,iPhone
Apple,228,6,12,12,Apple Bionic,3687,6.7,129900,2020,128,iPhone
Apple,228,6,12,12,Apple Bionic,3687,6.7,139900,2020,256,iPhone
Apple,228,6,12,12,Apple Bionic,3687,6.7,149900,2020,512,iPhone
Apple,194,4,12,12,Apple Bionic,3110,6.1,64900,2019,64,iPhone
Apple,194,4,12,12,Apple Bionic,3110,6.1,74900,2019,128,iPhone
Apple,194,4,12,12,Apple Bionic,3110,6.1,84900,2019,256,iPhone
Apple,188,4,12,12,Apple Bionic,3046,5.8,99900,2019,64,iPhone
Apple,188,4,12,12,Apple Bionic,3046,5.8,109900,2019,256,iPhone
Apple,188,4,12,12,Apple Bionic,3046,5.8,119900,2019,512,iPhone
Apple,226,4,12,12,Apple Bionic,3969,6.5,109900,2019,64,iPhone
Apple,226,4,12,12,Apple Bionic,3969,6.5,119900,2019,256,iPhone
Apple,226,4,12,12,Apple Bionic,3969,6.5,129900,2019,512,iPhone
Apple,174,3,7,12,Apple Bionic,2716,5.8,89900,2017,64,iPhone
Apple,174,3,7,12,Apple Bionic,2716,5.8,99900,2017,256,iPhone
Apple,177,4,7,12,Apple Bionic,2658,5.8,99900,2018,64,iPhone
Apple,177,4,7,12,Apple Bionic,2658,5.8,109900,2018,256,iPhone
Apple,177,4,7,12,Apple Bionic,2658,5.8,119900,2018,512,iPhone
Apple,208,4,7,12,Apple Bionic,3174,6.5,109900,2018,64,iPhone
Apple,208,4,7,12,Apple Bionic,3174,6.5,119900,2018,256,iPhone
Apple,208,4,7,12,Apple Bionic,3174,6.5,129900,2018,512,iPhone
Apple,194,3,7,12,Apple Bionic,2942,6.1,64900,2018,64,iPhone
Apple,194,3,7,12,Apple Bionic,2942,6.1,74900,2018,128,iPhone
Apple,194,3,7,12,Apple Bionic,2942,6.1,84900,2018,256,iPhone
Apple,458,4,12,12,Apple Bionic,7608,10.9,54900,2020,64,Other
Apple,458,4,12,12,Apple Bionic,7608,10.9,64900,2020,256,Other
Apple,490,3,12,8,Apple Bionic,8612,10.2,29900,2020,32,Other
Apple,490,3,12,8,Apple Bionic,8612,10.2,39900,2020,128,Other
Apple,300.5,3,7,8,Apple Bionic,5124,7.9,39900,2019,64,Other
Apple,300.5,3,7,8,Apple Bionic,5124,7.9,49900,2019,256,Other
Apple,468,4,7,12,Apple Bionic,7812,11,71900,2020,128,Other
Apple,468,4,7,12,Apple Bionic,7812,11,89900,2020,256,Other
Apple,468,6,7,12,Apple Bionic,7812,11,109900,2020,512,Other
Apple,682,6,7,12,Apple Bionic,9720,12.9,94900,2020,128,Other
Apple,682,6,7,12,Apple Bionic,9720,12.9,109900,2020,256,Other
Apple,682,6,7,12,Apple Bionic,9720,12.9,119900,2020,512,Other
Apple,708,6,7,12,Apple Bionic,10307,13,119900,2020,128,Other
Apple,708,6,7,12,Apple Bionic,10307,13,139900,2020,256,Other
Apple,708,6,7,12,Apple Bionic,10307,13,159900,2020,512,Other
Apple,708,6,7,12,Apple Bionic,10307,13,179900,2020,1024,Other
Apple,708,6,7,12,Apple Bionic,10307,13,199900,2020,2048,Other
Samsung,234,12,12,200,Samsung Exynos,5000,6.8,104900,2024,128,Galaxy
Samsung,234,12,12,200,Samsung Exynos,5000,6.8,114900,2024,256,Galaxy
Samsung,196,8,12,50,Samsung Exynos,4800,6.6,89900,2024,128,Galaxy
Samsung,196,8,12,50,Samsung Exynos,4800,6.6,99900,2024,256,Galaxy
Samsung,168,8,12,50,Samsung Exynos,4000,6.1,79900,2024,128,Galaxy
Samsung,168,8,12,50,Samsung Exynos,4000,6.1,89900,2024,256,Galaxy
Samsung,228,12,12,200,Qualcomm Snapdragon,5000,6.8,99900,2023,128,Galaxy
Samsung,228,12,12,200,Qualcomm Snapdragon,5000,6.8,109900,2023,256,Galaxy
Samsung,196,8,12,50,Qualcomm Snapdragon,4700,6.6,79900,2023,128,Galaxy
Samsung,196,8,12,50,Qualcomm Snapdragon,4700,6.6,89900,2023,256,Galaxy
Samsung,168,8,12,50,Qualcomm Snapdragon,3900,6.1,69900,2023,128,Galaxy
Samsung,168,8,12,50,Qualcomm Snapdragon,3900,6.1,79900,2023,256,Galaxy
Samsung,228,12,10,108,Samsung Exynos,5000,6.8,94900,2022,128,Galaxy
Samsung,228,12,10,108,Samsung Exynos,5000,6.8,104900,2022,256,Galaxy
Samsung,195,8,10,50,Samsung Exynos,4500,6.6,79900,2022,128,Galaxy
Samsung,195,8,10,50,Samsung Exynos,4500,6.6,89900,2022,256,Galaxy
Samsung,167,8,10,50,Samsung Exynos,3800,6.1,69900,2022,128,Galaxy
Samsung,167,8,10,50,Samsung Exynos,3800,6.1,79900,2022,256,Galaxy
Samsung,254,12,10,50,Qualcomm Snapdragon,4400,7.6,154900,2023,256,Galaxy
Samsung,254,12,10,50,Qualcomm Snapdragon,4400,7.6,174900,2023,512,Galaxy
Samsung,187,8,12,12,Qualcomm Snapdragon,3700,6.7,94900,2023,256,Galaxy
Samsung,187,8,12,12,Qualcomm Snapdragon,3700,6.7,104900,2023,512,Galaxy
Samsung,263,12,10,50,Qualcomm Snapdragon,4400,7.6,134900,2022,256,Galaxy
Samsung,263,12,10,50,Qualcomm Snapdragon,4400,7.6,154900,2022,512,Galaxy
Samsung,187,8,10,12,Qualcomm Snapdragon,3700,6.7,84900,2022,256,Galaxy
Samsung,187,8,10,12,Qualcomm Snapdragon,3700,6.7,94900,2022,512,Galaxy
Samsung,189,6,32,50,Samsung Exynos,5000,6.4,27999,2023,128,Galaxy
Samsung,189,6,32,50,Samsung Exynos,5000,6.4,32999,2023,256,Galaxy
Samsung,199,6,13,48,MediaTek Dimensity,5000,6.6,22999,2023,128,Galaxy
Samsung,199,6,13,48,MediaTek Dimensity,5000,6.6,27999,2023,256,Galaxy
Samsung,195,6,13,50,MediaTek Helio,5000,6.5,19999,2023,128,Galaxy
Samsung,195,6,13,50,MediaTek Helio,5000,6.5,24999,2023,256,Galaxy
Samsung,190,4,13,50,Samsung Exynos,5000,6.6,18499,2023,128,Galaxy
Samsung,190,4,13,50,Samsung Exynos,5000,6.6,21999,2023,256,Galaxy
Samsung,188,4,5,50,Samsung Exynos,5000,6.5,14999,2022,64,Galaxy
Samsung,188,4,5,50,Samsung Exynos,5000,6.5,18499,2022,128,Galaxy
Samsung,202,8,32,108,Samsung Exynos,6000,6.7,23999,2023,128,Galaxy
Samsung,202,8,32,108,Samsung Exynos,6000,6.7,26999,2023,256,Galaxy
Samsung,199,6,13,50,Samsung Exynos,6000,6.5,17999,2023,128,Galaxy
Samsung,199,6,13,50,Samsung Exynos,6000,6.5,20999,2023,256,Galaxy
Samsung,202,4,13,50,Samsung Exynos,6000,6.6,14999,2023,128,Galaxy
Samsung,202,4,13,50,Samsung Exynos,6000,6.6,17999,2023,256,Galaxy
Samsung,188,4,5,13,MediaTek Helio,5000,6.5,12999,2022,64,Galaxy
Samsung,188,4,5,13,MediaTek Helio,5000,6.5,15999,2022,128,Galaxy
Samsung,199,8,32,108,Samsung Exynos,6000,6.7,23999,2023,128,Galaxy
Samsung,199,8,32,108,Samsung Exynos,6000,6.7,26999,2023,256,Galaxy
Samsung,190,6,13,50,Samsung Exynos,6000,6.5,18999,2023,128,Galaxy
Samsung,190,6,13,50,Samsung Exynos,6000,6.5,21999,2023,256,Galaxy
Samsung,198,4,13,50,Samsung Exynos,6000,6.6,14999,2023,128,Galaxy
Samsung,198,4,13,50,Samsung Exynos,6000,6.6,17999,2023,256,Galaxy
Samsung,208,12,10,108,Samsung Exynos,4500,6.9,99999,2020,128,Galaxy
Samsung,208,12,10,108,Samsung Exynos,4500,6.9,104999,2020,256,Galaxy
Samsung,192,8,10,108,Samsung Exynos,4300,6.7,77999,2020,128,Galaxy
Samsung,192,8,10,108,Samsung Exynos,4300,6.7,89999,2020,256,Galaxy
Samsung,196,12,10,16,Samsung Exynos,4300,6.8,74999,2019,256,Galaxy
Samsung,196,12,10,16,Samsung Exynos,4300,6.8,84999,2019,512,Galaxy
Samsung,168,8,10,16,Samsung Exynos,3500,6.3,64999,2019,256,Galaxy
Samsung,168,8,10,16,Samsung Exynos,3500,6.3,59999,2019,128,Galaxy
Samsung,235,6,13,50,Samsung Exynos,4050,6.6,28999,2022,128,Galaxy
Samsung,172,4,5,16,Samsung Exynos,3000,5.3,17499,2020,64,Galaxy
Samsung,191,4,16,16,Qualcomm Snapdragon,3500,6,18990,2018,64,Galaxy
Samsung,181,3,13,13,Samsung Exynos,3600,5.5,18990,2017,64,Galaxy
Samsung,178,4,8,13,Qualcomm Snapdragon,3300,6,15999,2018,64,Galaxy
Samsung,175,2,5,13,Samsung Exynos,3000,5.5,9990,2018,16,Galaxy
Samsung,189,6,16,16,Qualcomm Snapdragon,4000,6,32990,2016,64,Galaxy
Samsung,165,4,16,16,Qualcomm Snapdragon,3300,5.7,22990,2017,64,Galaxy
Samsung,143,4,8,16,Qualcomm Snapdragon,2600,5.2,19990,2016,32,Galaxy
Samsung,228,12,10,108,Qualcomm Snapdragon,4500,7.6,99999,2021,256,Galaxy
Samsung,229,12,10,108,Qualcomm Snapdragon,4500,7.6,89999,2020,256,Galaxy
Samsung,732,12,12,13,Qualcomm Snapdragon,11200,14.6,114999,2023,256,Galaxy
Samsung,586,12,12,13,Qualcomm Snapdragon,10090,12.4,99999,2023,256,Galaxy
Samsung,498,8,12,13,Qualcomm Snapdragon,8400,11,85999,2023,128,Galaxy
Samsung,523,6,12,8,Samsung Exynos,8000,10.9,49999,2023,128,Galaxy
Samsung,726,12,12,13,Qualcomm Snapdragon,11200,14.6,109999,2022,256,Galaxy
Samsung,567,8,12,13,Qualcomm Snapdragon,10090,12.4,94999,2022,256,Galaxy
Samsung,503,8,12,13,Qualcomm Snapdragon,8000,11,74999,2022,128,Galaxy
Samsung,480,8,5,8,Qualcomm Snapdragon,7040,11,22999,2023,128,Galaxy
Samsung,366,4,2,8,MediaTek Helio,5100,8.7,16999,2023,64,Galaxy
Samsung,508,4,5,8,Unisoc,7040,10.5,17999,2022,64,Galaxy
Samsung,366,3,2,8,MediaTek Helio,5100,8.7,11999,2021,32,Galaxy
Samsung,433,6,5,13,Samsung Exynos,5050,8,54999,2024,128,Galaxy
Samsung,674,6,8,13,Qualcomm Snapdragon,7600,10.1,64999,2022,128,Galaxy
Samsung,426,4,5,13,Samsung Exynos,5050,8,44999,2020,64,Galaxy
Samsung,490,1,2,5,Unisoc,5000,10.1,9999,2016,16,Galaxy
Samsung,360,1,2,5,Qualcomm Snapdragon,5000,8,8499,2016,16,Galaxy
Oneplus,205,12,32,50,Qualcomm Snapdragon,5000,6.7,74999,2024,256,OnePlus
Oneplus,203,12,16,50,Qualcomm Snapdragon,4500,6.7,49999,2024,256,OnePlus
Oneplus,205,12,16,50,Qualcomm Snapdragon,5000,6.7,54999,2023,256,OnePlus
Oneplus,202,12,16,50,Qualcomm Snapdragon,5000,6.7,44999,2023,256,OnePlus
Oneplus,190,12,16,50,MediaTek Dimensity,5000,6.74,34999,2023,256,OnePlus
Oneplus,179,8,16,50,Qualcomm Snapdragon,5000,6.72,22999,2023,128,OnePlus
Oneplus,195,8,16,108,Qualcomm Snapdragon,5000,6.72,17999,2023,128,OnePlus
Oneplus,192,8,16,64,MediaTek Dimensity,5000,6.72,16999,2023,128,OnePlus
Oneplus,238,16,32,48,Qualcomm Snapdragon,4800,7.8,74999,2024,256,OnePlus
Oneplus,200,12,32,50,Qualcomm Snapdragon,5000,6.7,64999,2022,256,OnePlus
Oneplus,203,12,16,50,Qualcomm Snapdragon,4500,6.7,54999,2022,256,OnePlus
Oneplus,192,12,16,50,Qualcomm Snapdragon,4500,6.7,59999,2021,256,OnePlus
Oneplus,183,8,16,50,Qualcomm Snapdragon,4500,6.55,39999,2021,128,OnePlus
Oneplus,204,16,32,50,Qualcomm Snapdragon,5000,6.7,74999,2023,256,OnePlus
Oneplus,190,8,32,50,MediaTek Dimensity,4500,6.43,28999,2022,128,OnePlus
Oneplus,190,8,32,50,MediaTek Dimensity,4500,6.43,27999,2021,128,OnePlus
Oneplus,189,4,16,13,Qualcomm Snapdragon,5000,6.49,15999,2021,64,OnePlus
Oneplus,185,4,8,13,Qualcomm Snapdragon,5000,6.52,12999,2020,64,OnePlus
Oneplus,188,12,16,48,Qualcomm Snapdragon,4500,6.55,45999,2020,256,OnePlus
Oneplus,192,8,16,50,Qualcomm Snapdragon,4500,6.55,49999,2021,128,OnePlus
Oneplus,188,12,16,48,Qualcomm Snapdragon,4500,6.55,42999,2020,256,OnePlus
Oneplus,203,12,16,50,Qualcomm Snapdragon,4500,6.7,54999,2022,256,OnePlus
Oneplus,189,8,16,48,Qualcomm Snapdragon,4500,6.55,39999,2021,128,OnePlus
Oneplus,199,12,16,48,Qualcomm Snapdragon,4510,6.78,54999,2020,256,OnePlus
Oneplus,180,8,16,48,Qualcomm Snapdragon,4300,6.55,41999,2020,128,OnePlus
Oneplus,195,6,16,64,MediaTek Dimensity,5000,6.59,19999,2022,128,OnePlus
Oneplus,173,8,16,64,MediaTek Dimensity,4500,6.43,23999,2022,128,OnePlus
Oneplus,184,6,16,48,Qualcomm Snapdragon,4115,6.44,22999,2020,128,OnePlus
Oneplus,170,6,16,64,Qualcomm Snapdragon,4500,6.43,24999,2021,128,OnePlus
Oneplus,189,8,32,50,MediaTek Dimensity,4500,6.43,27999,2021,128,OnePlus
Oneplus,185,4,8,13,Qualcomm Snapdragon,5000,6.52,12999,2020,64,OnePlus
Oneplus,190,6,16,64,Qualcomm Snapdragon,4300,6.49,19999,2020,128,OnePlus
Oneplus,192,8,16,48,Qualcomm Snapdragon,4300,6.55,41999,2020,128,OnePlus
Oneplus,190,6,16,48,Qualcomm Snapdragon,3700,6.41,38999,2020,128,OnePlus
Oneplus,185,10,16,20,Qualcomm Snapdragon,3700,6.41,50999,2018,256,OnePlus
Oneplus,162,6,16,20,Qualcomm Snapdragon,3300,6.01,34999,2017,128,OnePlus
Oneplus,210,8,16,50,Qualcomm Snapdragon,4500,6.7,74999,2023,128,OnePlus
Oneplus,202,12,32,50,Qualcomm Snapdragon,5000,6.7,74999,2023,128,OnePlus
Oneplus,205,8,16,50,MediaTek Dimensity,4500,6.7,49999,2022,128,OnePlus
Oneplus,206,12,16,48,Qualcomm Snapdragon,4000,6.67,59999,2019,256,OnePlus
Oneplus,177,6,16,20,Qualcomm Snapdragon,3300,6.28,37999,2018,128,OnePlus
Oneplus,155,8,16,20,Qualcomm Snapdragon,3300,5.5,36999,2017,128,OnePlus
Oneplus,190,8,32,64,Qualcomm Snapdragon,4000,6.44,24999,2020,128,OnePlus
Oneplus,199,12,16,48,Qualcomm Snapdragon,4510,6.78,59999,2020,256,OnePlus
Oneplus,188,12,16,48,Qualcomm Snapdragon,4500,6.55,58999,2020,256,OnePlus
Oneplus,206,12,16,48,Qualcomm Snapdragon,4085,6.67,69999,2019,256,OnePlus
Oneplus,210,12,32,50,Qualcomm Snapdragon,5000,6.7,74999,2023,128,OnePlus
Oneplus,202,8,16,64,Qualcomm Snapdragon,4800,6.55,69999,2023,128,OnePlus
Oneplus,215,12,32,50,Qualcomm Snapdragon,5000,6.7,74999,2023,256,OnePlus
Oneplus,200,12,16,50,Qualcomm Snapdragon,5000,6.7,74999,2023,256,OnePlus
Oneplus,550,8,8,13,MediaTek Dimensity,9510,11.61,39999,2023,128,OnePlus
Oneplus,550,8,8,13,MediaTek Dimensity,9510,11.61,44999,2024,128,OnePlus
Oneplus,610,12,16,50,Qualcomm Snapdragon,11000,12.4,69999,2024,128,OnePlus
Vivo,223,12,32,50,MediaTek Dimensity,6000,6.78,119999,2024,128,Other
Vivo,223,12,32,50,MediaTek Dimensity,6000,6.78,129999,2024,256,Other
Vivo,223,16,32,200,MediaTek Dimensity,6000,6.78,139999,2024,256,Other
Vivo,223,16,32,200,MediaTek Dimensity,6000,6.78,149999,2024,512,Other
Vivo,187,16,32,50,MediaTek Dimensity,5700,6.31,109999,2024,256,Other
Vivo,179,8,44,64,Qualcomm Snapdragon,4100,6.44,44999,2024,128,Other
Vivo,190,12,16,64,MediaTek Dimensity,5000,6.58,39999,2024,128,Other
Vivo,180,8,16,50,Qualcomm Snapdragon,5000,6.67,34999,2024,128,Other
Vivo,181,8,16,64,MediaTek Dimensity,4500,6.38,29999,2024,128,Other
Vivo,189,12,32,108,Qualcomm Snapdragon,4700,6.56,59999,2024,256,Other
Vivo,192,12,32,64,MediaTek Dimensity,4500,6.44,49999,2024,128,Other
Vivo,210,16,16,50,Qualcomm Snapdragon,5000,6.78,64999,2024,256,iQOO
Vivo,162,6,12,16,Qualcomm Snapdragon,3315,6.3,22999,2018,64,Other
Vivo,150,4,24,16,Qualcomm Snapdragon,3260,6.3,19999,2018,64,Other
Vivo,199,6,20,16,Qualcomm Snapdragon,4000,5.88,24999,2017,128,Other
Vivo,146,3,5,13,MediaTek Helio,3260,6.22,12999,2018,32,Other
Vivo,146,2,5,13,Qualcomm Snapdragon,2300,5.5,16999,2014,16,Other
Vivo,158,4,20,16,Qualcomm Snapdragon,3055,5.5,22999,2017,64,Other
Vivo,163,4,20,13,Qualcomm Snapdragon,4030,6.22,16999,2018,64,Other
Vivo,168,4,8,13,Qualcomm Snapdragon,3000,5.5,13999,2016,32,Other
Vivo,153,1,5,13,MediaTek Helio,2000,5,10999,2014,16,Other
Vivo,155,3,16,13,Qualcomm Snapdragon,3000,5.5,14999,2017,32,Other
Vivo,176,8,32,48,Qualcomm Snapdragon,4500,6.44,27990,2020,128,Other
Vivo,176,8,32,48,Qualcomm Snapdragon,4500,6.44,31990,2020,256,Other
Vivo,201,8,32,48,Qualcomm Snapdragon,4100,6.44,27990,2019,128,Other
Vivo,201,8,32,48,Qualcomm Snapdragon,4100,6.44,33990,2019,256,Other
Vivo,191,3,8,13,MediaTek Helio,5000,6.51,10990,2020,64,Other
Vivo,191,4,8,13,MediaTek Helio,5000,6.51,13990,2020,128,Other
Vivo,185,6,32,48,MediaTek Helio,4500,6.38,19990,2019,128,Other
Vivo,185,6,32,48,MediaTek Helio,4500,6.38,24990,2019,256,Other
Vivo,190,3,8,13,Qualcomm Snapdragon,5000,6.35,10999,2019,32,Other
Vivo,190,3,8,13,Qualcomm Snapdragon,5000,6.35,13490,2019,64,Other
Vivo,190,6,32,48,MediaTek Helio,4000,6.53,22990,2019,128,Other
Vivo,190,6,32,48,MediaTek Helio,4000,6.53,26990,2019,256,Other
Vivo,190,8,32,48,Qualcomm Snapdragon,4000,6.39,35990,2019,128,Other
Vivo,190,8,32,48,Qualcomm Snapdragon,4000,6.39,39990,2019,256,Other
Vivo,193,4,8,13,MediaTek Helio,5000,6.47,14990,2020,128,Other
Vivo,193,3,8,13,MediaTek Helio,5000,6.47,11990,2020,64,Other
Vivo,159,4,16,16,Qualcomm Snapdragon,4500,6.53,18990,2019,64,Other
Vivo,159,6,16,16,Qualcomm Snapdragon,4500,6.53,22990,2019,128,Other
Vivo,156,6,12,12,Qualcomm Snapdragon,3200,6.28,24990,2018,128,Other
Vivo,156,4,12,12,Qualcomm Snapdragon,3200,6.28,21990,2018,64,Other
Vivo,172,8,50,64,MediaTek Helio,4050,6.44,20999,2021,128,Other
Vivo,172,8,50,64,MediaTek Helio,4050,6.44,24999,2021,256,Other
Vivo,182,8,16,50,MediaTek Helio,5000,6.58,17999,2021,128,Other
Vivo,182,4,16,50,MediaTek Helio,5000,6.58,14999,2021,64,Other
Vivo,190,12,32,48,Qualcomm Snapdragon,4200,6.56,44999,2021,256,Other
Vivo,190,12,32,48,Qualcomm Snapdragon,4200,6.56,49999,2021,512,Other
Vivo,173,8,44,64,Qualcomm Snapdragon,4000,6.44,25999,2020,128,Other
Vivo,173,8,44,64,Qualcomm Snapdragon,4000,6.44,29999,2020,256,Other
Vivo,179,8,16,50,MediaTek Dimensity,5000,6.58,21999,2021,128,Other
Vivo,179,8,16,50,MediaTek Dimensity,5000,6.58,25999,2021,256,Other
Vivo,190,6,16,64,MediaTek Helio,5000,6.58,16999,2021,128,Other
Vivo,190,6,16,64,MediaTek Helio,5000,6.58,13999,2021,64,Other
Vivo,185,6,32,48,Qualcomm Snapdragon,3700,6.39,25999,2019,128,Other
Vivo,185,6,32,48,Qualcomm Snapdragon,3700,6.39,29999,2019,256,Other
Vivo,185,8,32,50,MediaTek Dimensity,4450,6.56,39999,2021,128,Other
Vivo,185,8,32,50,MediaTek Dimensity,4450,6.56,44999,2021,256,Other
Vivo,181,6,16,50,Qualcomm Snapdragon,5000,6.58,17999,2022,128,Other
Vivo,181,8,16,50,Qualcomm Snapdragon,5000,6.58,21999,2022,256,Other
Vivo,199,8,32,64,Qualcomm Snapdragon,4200,6.44,47999,2019,128,Other
Vivo,199,8,32,64,Qualcomm Snapdragon,4200,6.44,54999,2019,256,Other
Vivo,182,8,50,50,MediaTek Dimensity,4600,6.78,29999,2023,128,Other
Vivo,182,8,50,50,MediaTek Dimensity,4600,6.78,32999,2023,256,Other
Vivo,182,8,50,50,MediaTek Dimensity,4600,6.78,34999,2023,128,Other
Vivo,182,8,50,50,MediaTek Dimensity,4600,6.78,37999,2023,256,Other
Vivo,190,8,32,64,MediaTek Dimensity,4830,6.56,25999,2022,128,Other
Vivo,190,8,32,64,MediaTek Dimensity,4830,6.56,29999,2022,256,Other
Vivo,221,12,32,50,MediaTek Dimensity,4870,6.78,69999,2022,256,Other
Vivo,221,12,32,50,MediaTek Dimensity,4870,6.78,79999,2022,512,Other
Vivo,190,8,16,64,MediaTek Dimensity,4500,6.44,19999,2023,128,Other
Vivo,190,8,16,64,MediaTek Dimensity,4500,6.44,22999,2023,256,Other
Vivo,190,8,16,64,Qualcomm Snapdragon,4500,6.44,15999,2023,128,Other
Vivo,190,8,16,64,Qualcomm Snapdragon,4500,6.44,18999,2023,256,Other
Vivo,179,8,50,64,MediaTek Dimensity,4200,6.44,27999,2022,128,Other
Vivo,179,8,50,64,MediaTek Dimensity,4200,6.44,32999,2022,256,Other
Vivo,206,12,32,50,MediaTek Dimensity,4700,6.78,59999,2022,256,Other
Vivo,206,12,32,50,MediaTek Dimensity,4700,6.78,69999,2022,512,Other
Vivo,182,4,8,13,MediaTek Helio,5000,6.51,12999,2021,128,Other
Vivo,182,4,8,13,MediaTek Helio,5000,6.51,9999,2021,64,Other
Vivo,498,6,8,13,Qualcomm Snapdragon,8040,11,34999,2022,128,Other
Vivo,535,8,8,50,MediaTek Dimensity,8040,11,39999,2023,256,Other
Vivo,510,6,8,13,Qualcomm Snapdragon,8040,10.4,31999,2023,128,Other
Vivo,500,6,8,13,Qualcomm Snapdragon,8040,11,34999,2023,128,Other
Vivo,550,8,8,50,Qualcomm Snapdragon,8040,12.3,45999,2023,256,Other
Vivo,560,8,8,50,MediaTek Dimensity,8040,12.9,49999,2024,256,Other
Iqoo,520,6,8,13,Qualcomm Snapdragon,8040,11,37999,2023,128,Other
Iqoo,540,8,8,50,Qualcomm Snapdragon,8040,12.3,43999,2024,256,Other
Iqoo,555,8,8,50,Qualcomm Snapdragon,8040,12.3,49999,2024,256,Other
Oppo,239,12,32,64,Qualcomm Snapdragon,4805,7.82,159999,2023,512,Other
Oppo,198,12,32,50,MediaTek Dimensity,4300,6.8,109999,2023,256,Other
Oppo,210,12,32,50,Qualcomm Snapdragon,5000,6.8,139999,2024,256,Other
Oppo,195,8,32,50,Qualcomm Snapdragon,4800,6.7,119999,2024,256,Other
Oppo,192,8,32,50,MediaTek Helio,5800,6.67,44999,2025,256,Other
Oppo,192,8,32,50,MediaTek Helio,5800,6.67,44999,2025,256,Other
Oppo,210,12,50,50,MediaTek Dimensity,5800,6.83,69999,2025,512,Other
Oppo,200,12,50,50,MediaTek Dimensity,5600,6.59,54999,2025,256,Other
Oppo,187,8,32,50,Qualcomm Snapdragon,5000,6.7,39999,2024,256,Other
Oppo,187,8,32,50,Qualcomm Snapdragon,5000,6.7,39999,2024,256,Other
Oppo,190,12,32,50,MediaTek Dimensity,4600,6.74,64999,2024,512,Other
Oppo,185,8,32,50,MediaTek Dimensity,5000,6.7,49999,2024,256,Other
Oppo,185,8,32,64,MediaTek Dimensity,5000,6.7,44999,2024,256,Other
Oppo,190,12,32,50,MediaTek Dimensity,4600,6.74,59999,2024,512,Other
Oppo,180,8,16,50,MediaTek Dimensity,6000,6.7,49999,2024,256,Other
Oppo,186,12,16,50,MediaTek Dimensity,6000,6.7,54999,2024,512,Other
Oppo,186,8,8,50,MediaTek Dimensity,5100,6.67,44999,2024,256,Other
Oppo,186,4,5,50,Qualcomm Snapdragon,5000,6.7,34999,2024,128,Other
Oppo,186,4,8,8,Qualcomm Snapdragon,5100,6.67,36999,2024,128,Other
Oppo,186,6,8,8,Qualcomm Snapdragon,5100,6.67,39999,2024,256,Other
Oppo,186,4,5,50,Qualcomm Snapdragon,5000,6.7,34999,2024,128,Other
Oppo,186,4,8,8,Qualcomm Snapdragon,5100,6.67,36999,2024,128,Other
Oppo,186,6,8,8,Qualcomm Snapdragon,5100,6.67,39999,2024,256,Other
Oppo,186,8,8,50,Qualcomm Snapdragon,5000,6.67,39999,2024,128,Other
Oppo,186,8,8,50,Qualcomm Snapdragon,5000,6.67,42999,2024,256,Other
Oppo,192,8,16,50,Qualcomm Snapdragon,6400,6.7,59999,2024,256,Other
Oppo,192,12,16,50,Qualcomm Snapdragon,6400,6.7,64999,2024,512,Other
Oppo,175,8,32,64,MediaTek Dimensity,5000,6.7,44999,2024,128,Other
Oppo,175,8,32,64,MediaTek Dimensity,5000,6.7,47999,2024,256,Other
Oppo,177,8,32,64,MediaTek Dimensity,5000,6.7,49999,2024,256,Other
Oppo,177,12,32,64,MediaTek Dimensity,5000,6.7,54999,2024,512,Other
Oppo,173,8,32,64,Qualcomm Snapdragon,4500,6.55,42999,2023,128,Other
Oppo,173,8,32,64,Qualcomm Snapdragon,4500,6.55,44999,2023,256,Other
Oppo,533,8,8,13,MediaTek Dimensity,9510,11.6,54999,2024,128,Other
Oppo,533,12,8,13,MediaTek Dimensity,9510,11.6,59999,2024,256,Other
Oppo,586,12,8,13,Qualcomm Snapdragon,9510,12.1,64999,2024,256,Other
Oppo,586,16,8,13,Qualcomm Snapdragon,9510,12.1,69999,2024,512,Other
Oppo,520,6,8,13,Qualcomm Snapdragon,8360,11,44999,2023,128,Other
Oppo,520,8,8,13,Qualcomm Snapdragon,8360,11,49999,2023,256,Other
Oppo,221,12,32,50,Qualcomm Snapdragon,5000,6.82,109999,2024,256,Other
Oppo,221,16,32,50,Qualcomm Snapdragon,5000,6.82,119999,2024,512,Other
Oppo,206,12,32,64,MediaTek Dimensity,5000,6.78,99999,2024,256,Other
Oppo,206,16,32,64,MediaTek Dimensity,5000,6.78,109999,2024,512,Other
Oppo,218,12,32,50,Qualcomm Snapdragon,5000,6.82,94999,2023,256,Other
Oppo,218,16,32,50,Qualcomm Snapdragon,5000,6.82,104999,2023,512,Other
Oppo,207,12,32,50,MediaTek Dimensity,4800,6.74,84999,2023,256,Other
Oppo,207,16,32,50,MediaTek Dimensity,4800,6.74,94999,2023,512,Other
Oppo,218,12,32,50,Qualcomm Snapdragon,5000,6.7,89999,2022,256,Other
Oppo,218,16,32,50,Qualcomm Snapdragon,5000,6.7,99999,2022,512,Other
Oppo,196,8,32,50,Qualcomm Snapdragon,4800,6.55,79999,2022,256,Other
Oppo,191,8,32,50,MediaTek Dimensity,4300,6.8,84999,2023,256,Other
Oppo,191,12,32,50,MediaTek Dimensity,4300,6.8,94999,2023,512,Other
Oppo,233,12,32,50,Qualcomm Snapdragon,4520,7.1,99999,2022,256,Other
Oppo,180,8,32,64,MediaTek Dimensity,5000,6.7,38999,2023,128,Other
Oppo,180,8,32,64,MediaTek Dimensity,5000,6.7,42999,2023,256,Other
Oppo,186,12,32,50,Qualcomm Snapdragon,4600,6.7,44999,2023,256,Other
Oppo,194,16,32,64,Qualcomm Snapdragon,4700,6.74,54999,2023,256,Other
Oppo,174,8,32,64,Qualcomm Snapdragon,4500,6.7,32999,2022,128,Other
Oppo,174,12,32,64,Qualcomm Snapdragon,4500,6.7,36999,2022,256,Other
Oppo,184,16,32,50,MediaTek Dimensity,4500,6.7,42999,2022,256,Other
Oppo,192,16,32,50,Qualcomm Snapdragon,4700,6.7,52999,2022,256,Other
Oppo,179,8,32,50,MediaTek Dimensity,4500,6.4,29999,2022,128,Other
Oppo,179,12,32,50,MediaTek Dimensity,4500,6.4,34999,2022,256,Other
Oppo,183,12,32,50,MediaTek Dimensity,4500,6.7,42999,2022,256,Other
Oppo,195,12,32,50,MediaTek Dimensity,4500,6.7,46999,2022,256,Other
Oppo,173,8,32,64,MediaTek Dimensity,4500,6.4,28999,2021,128,Other
Oppo,173,12,32,64,MediaTek Dimensity,4500,6.4,32999,2021,256,Other
Oppo,180,12,32,50,MediaTek Dimensity,4500,6.55,39999,2021,256,Other
Oppo,182,8,32,64,MediaTek Dimensity,4300,6.43,29999,2021,128,Other
Oppo,182,12,32,64,MediaTek Dimensity,4300,6.43,32999,2021,256,Other
Oppo,177,8,32,64,MediaTek Dimensity,4500,6.55,39999,2021,128,Other
Oppo,177,12,32,64,MediaTek Dimensity,4500,6.55,44999,2021,256,Other
Oppo,188,12,32,50,Qualcomm Snapdragon,4500,6.55,49999,2021,256,Other
Oppo,180,8,32,64,Qualcomm Snapdragon,4300,6.43,26999,2020,128,Other
Oppo,180,12,32,64,Qualcomm Snapdragon,4300,6.43,29999,2020,256,Other
Oppo,173,8,32,64,MediaTek Dimensity,4350,6.55,32999,2020,128,Other
Oppo,173,12,32,64,MediaTek Dimensity,4350,6.55,36999,2020,256,Other
Oppo,184,12,32,50,Qualcomm Snapdragon,4500,6.55,44999,2020,256,Other
Oppo,183,8,32,48,Qualcomm Snapdragon,4000,6.43,24999,2020,128,Other
Oppo,183,8,32,48,Qualcomm Snapdragon,4000,6.43,26999,2020,256,Other
Oppo,172,12,32,48,Qualcomm Snapdragon,4000,6.55,39999,2020,256,Other
Oppo,181,8,32,64,MediaTek Dimensity,4025,6.4,22999,2019,128,Other
Oppo,181,12,32,64,MediaTek Dimensity,4025,6.4,26999,2019,256,Other
Oppo,171,12,32,48,Qualcomm Snapdragon,4025,6.5,34999,2019,256,Other
Oppo,186,6,8,13,MediaTek Dimensity,5000,6.56,14999,2023,128,Other
Oppo,186,8,8,13,MediaTek Dimensity,5000,6.56,16999,2023,256,Other
Oppo,188,8,8,50,MediaTek Dimensity,5000,6.56,19000,2022,256,Other
Oppo,186,6,8,13,MediaTek Dimensity,5000,6.56,15999,2022,128,Other
Oppo,189,6,8,13,MediaTek Dimensity,5000,6.5,14999,2021,128,Other
Oppo,186,6,8,13,MediaTek Dimensity,5000,6.5,13999,2021,128,Other
Oppo,190,6,16,48,Qualcomm Snapdragon,5000,6.5,15999,2021,128,Other
Oppo,175,4,8,16,MediaTek Dimensity,4040,6.5,12999,2020,128,Other
Oppo,184,4,8,12,MediaTek Dimensity,4000,6.5,11999,2020,128,Other
Oppo,186,4,8,13,MediaTek Dimensity,4000,6.5,10999,2020,128,Other
Oppo,185,4,8,13,MediaTek Dimensity,4000,6.5,9999,2020,128,Other
Oppo,185,4,8,13,MediaTek Dimensity,4000,6.5,8999,2020,128,Other
Oppo,186,4,5,50,Qualcomm Snapdragon,5100,6.67,19999,2024,128,Other
Oppo,186,6,5,50,Qualcomm Snapdragon,5100,6.67,22999,2024,256,Other
Oppo,195,8,16,108,Qualcomm Snapdragon,5000,6.72,18000,2023,128,Other
Oppo,195,12,16,108,Qualcomm Snapdragon,5000,6.72,20000,2023,256,Other
Oppo,195,6,16,64,Qualcomm Snapdragon,5000,6.59,16990,2022,128,Other
Oppo,195,8,16,64,Qualcomm Snapdragon,5000,6.59,18990,2022,256,Other
Oppo,205,8,16,64,MediaTek Dimensity,5000,6.59,19999,2022,128,Other
Oppo,194,6,16,64,MediaTek Dimensity,5000,6.5,15999,2021,128,Other
Oppo,194,8,16,64,MediaTek Dimensity,5000,6.5,17999,2021,256,Other
Oppo,180,8,16,64,MediaTek Dimensity,4500,6.43,24999,2021,128,Other
Oppo,180,12,16,64,MediaTek Dimensity,4500,6.43,27999,2021,256,Other
Oppo,172,8,32,64,Qualcomm Snapdragon,4300,6.43,22999,2021,128,Other
Oppo,172,8,32,64,Qualcomm Snapdragon,4300,6.43,24999,2021,256,Other
Oppo,194,6,16,48,MediaTek Dimensity,5000,6.5,14999,2020,128,Other
Oppo,180,8,32,48,Qualcomm Snapdragon,4025,6.4,19999,2020,128,Other
Oppo,180,8,32,48,Qualcomm Snapdragon,4025,6.4,21999,2020,256,Other
Oppo,184,8,16,64,Qualcomm Snapdragon,5000,6.7,21999,2023,128,Other
Oppo,184,12,16,64,Qualcomm Snapdragon,5000,6.7,24999,2023,256,Other
Oppo,205,12,16,64,MediaTek Dimensity,5000,6.59,22999,2022,256,Other
Realme,222.8,12,16,50,Qualcomm Snapdragon,6500,6.78,59999,2024,128,Other
Realme,222.8,16,16,50,Qualcomm Snapdragon,6500,6.78,65999,2024,256,Other
Realme,191,8,32,50,Qualcomm Snapdragon,5500,6.78,37999,2023,128,Other
Realme,191,12,32,50,Qualcomm Snapdragon,5500,6.78,39999,2023,256,Other
Realme,191,16,32,50,Qualcomm Snapdragon,5500,6.78,41999,2023,512,Other
Realme,191,8,32,50,Qualcomm Snapdragon,5500,6.78,28756,2023,128,Other
Realme,191,8,32,50,Qualcomm Snapdragon,5500,6.78,30999,2023,256,Other
Realme,184,12,16,50,Qualcomm Snapdragon,6000,6.83,34999,2025,256,Other
Realme,184,12,16,50,Qualcomm Snapdragon,6000,6.83,36999,2025,512,Other
Realme,184,8,16,50,MediaTek Dimensity,5800,6.7,29999,2025,128,Other
Realme,184,8,16,50,MediaTek Dimensity,5800,6.7,31999,2025,256,Other
Realme,190,6,16,48,Qualcomm Snapdragon,5500,6.6,24999,2025,128,Other
Realme,190,8,16,48,Qualcomm Snapdragon,5500,6.6,26999,2025,256,Other
Realme,185,8,16,50,MediaTek Dimensity,5000,6.5,22999,2024,128,Other
Realme,185,8,16,50,MediaTek Dimensity,5000,6.5,24999,2024,256,Other
Realme,190,6,16,50,MediaTek Dimensity,5000,6.6,18999,2024,128,Other
Realme,190,8,16,50,MediaTek Dimensity,5000,6.6,20999,2024,256,Other
Realme,192,8,16,50,Qualcomm Snapdragon,5200,6.7,27999,2024,128,Other
Realme,192,12,16,50,Qualcomm Snapdragon,5200,6.7,29999,2024,256,Other
Realme,195,12,32,50,Qualcomm Snapdragon,5500,6.78,34999,2024,256,Other
Realme,195,16,32,50,Qualcomm Snapdragon,5500,6.78,36999,2024,512,Other
Realme,185,8,16,64,MediaTek Dimensity,5100,6.7,19999,2024,128,Other
Realme,185,12,16,64,MediaTek Dimensity,5100,6.7,21999,2024,256,Other
Realme,188,12,32,50,Qualcomm Snapdragon,5500,6.78,32999,2024,256,Other
Realme,188,16,32,50,Qualcomm Snapdragon,5500,6.78,34999,2024,512,Other
Realme,184,6,16,50,MediaTek Dimensity,5000,6.6,16999,2024,128,Other
Realme,184,8,16,50,MediaTek Dimensity,5000,6.6,18999,2024,256,Other
Realme,190,8,16,64,Qualcomm Snapdragon,5200,6.7,22999,2024,128,Other
Realme,190,12,16,64,Qualcomm Snapdragon,5200,6.7,24999,2024,256,Other
Realme,200,8,16,50,MediaTek Dimensity,5000,6.6,19999,2024,128,Other
Realme,200,8,16,50,MediaTek Dimensity,5000,6.6,21999,2024,256,Other
Realme,195,6,16,50,MediaTek Helio,5000,6.5,14999,2024,128,Other
Realme,193,6,16,50,MediaTek Helio,5000,6.5,13999,2024,128,Other
Realme,198,8,16,50,MediaTek Dimensity,5000,6.6,17999,2024,128,Other
Realme,198,8,16,50,MediaTek Dimensity,5200,6.6,19499,2024,128,Other
Realme,190,6,8,50,MediaTek Helio,5000,6.6,13999,2024,128,Other
Realme,190,8,8,50,MediaTek Helio,5000,6.6,15999,2024,256,Other
Realme,189,4,8,50,Unisoc,5000,6.5,11999,2024,128,Other
Realme,195,6,8,50,MediaTek Helio,5000,6.6,14999,2024,128,Other
Realme,195,8,8,50,MediaTek Helio,5000,6.6,16999,2024,256,Other
Realme,192,6,8,50,Qualcomm Snapdragon,5000,6.6,13999,2024,128,Other
Realme,192,8,8,50,Qualcomm Snapdragon,5000,6.6,15999,2024,256,Other
Realme,191,6,8,50,MediaTek Helio,5000,6.6,13499,2024,128,Other
Realme,189,6,8,64,MediaTek Helio,5000,6.72,14999,2023,128,Other
Realme,189,8,8,64,MediaTek Helio,5000,6.72,16999,2023,256,Other
Realme,198,6,16,50,MediaTek Dimensity,5200,6.6,17999,2024,128,Other
Realme,196,6,16,50,MediaTek Dimensity,5200,6.6,18999,2024,128,Other
Realme,196,8,16,50,MediaTek Dimensity,5200,6.6,20999,2024,256,Other
Realme,195,6,16,50,MediaTek Helio,5000,6.5,15999,2024,128,Other
Realme,199,8,16,50,Qualcomm Snapdragon,5200,6.8,47999,2024,128,Other
Realme,199,12,16,50,Qualcomm Snapdragon,5200,6.8,53999,2024,256,Other
Realme,193,8,16,64,MediaTek Dimensity,5000,6.7,30999,2024,128,Other
Realme,193,12,16,64,MediaTek Dimensity,5000,6.7,36999,2024,256,Other
Realme,195,8,16,50,MediaTek Dimensity,5100,6.7,32999,2024,128,Other
Realme,195,12,16,50,MediaTek Dimensity,5100,6.7,38999,2024,256,Other
Realme,440,4,8,8,MediaTek Helio,7100,10.4,19999,2021,64,Other
Realme,440,6,8,8,MediaTek Helio,7100,10.4,22999,2021,128,Other
Realme,482,6,8,8,MediaTek Helio,8360,11.5,27999,2023,128,Other
Realme,482,8,8,8,MediaTek Helio,8360,11.5,31999,2023,256,Other
Realme,466,4,8,8,MediaTek Helio,7100,10.4,18999,2023,64,Other
Realme,466,6,8,8,MediaTek Helio,7100,10.4,20999,2023,128,Other
Realme,499,4,8,13,Qualcomm Snapdragon,8340,11,29999,2022,64,Other
Realme,499,6,8,13,Qualcomm Snapdragon,8340,11,33999,2022,128,Other
Realme,372,3,5,8,Unisoc,6400,8.7,15999,2022,32,Other
Realme,372,4,5,8,Unisoc,6400,8.7,17999,2022,64,Other
Realme,440,4,8,8,MediaTek Helio,7100,10.4,19499,2022,64,Other
Realme,440,6,8,8,MediaTek Helio,7100,10.4,21999,2022,128,Other
Realme,465,4,8,8,MediaTek Helio,7200,10.5,20999,2024,64,Other
Realme,465,6,8,8,MediaTek Helio,7200,10.5,22999,2024,128,Other
Xiaomi,210,12,32,50,Qualcomm Snapdragon,6100,6.73,89999,2024,256,Xiaomi
Xiaomi,210,16,32,50,Qualcomm Snapdragon,6100,6.73,99999,2024,512,Xiaomi
Xiaomi,210,16,32,50,Qualcomm Snapdragon,6100,6.73,109999,2024,1024,Xiaomi
Xiaomi,190,12,32,50,Qualcomm Snapdragon,5400,6.36,79999,2024,256,Xiaomi
Xiaomi,190,16,32,50,Qualcomm Snapdragon,5400,6.36,89999,2024,512,Xiaomi
Xiaomi,209,12,32,50,MediaTek Dimensity,5000,6.67,74999,2024,256,Xiaomi
Xiaomi,209,12,32,50,MediaTek Dimensity,5000,6.67,84999,2024,512,Xiaomi
Xiaomi,209,12,32,50,MediaTek Dimensity,5000,6.67,94999,2024,1024,Xiaomi
Xiaomi,195,12,32,50,MediaTek Dimensity,5000,6.67,69999,2024,256,Xiaomi
Xiaomi,195,12,32,50,MediaTek Dimensity,5000,6.67,79999,2024,512,Xiaomi
Xiaomi,206,12,32,50,Qualcomm Snapdragon,5000,6.73,84999,2023,256,Xiaomi
Xiaomi,206,12,32,50,Qualcomm Snapdragon,5000,6.73,94999,2023,512,Xiaomi
Xiaomi,189,12,32,50,Qualcomm Snapdragon,4610,6.36,74999,2023,256,Xiaomi
Xiaomi,189,12,32,50,Qualcomm Snapdragon,4610,6.36,84999,2023,512,Xiaomi
Xiaomi,205,8,16,200,Qualcomm Snapdragon,5110,6.67,29999,2024,128,Redmi
Xiaomi,205,12,16,200,Qualcomm Snapdragon,5110,6.67,32999,2024,256,Redmi
Xiaomi,205,16,16,200,Qualcomm Snapdragon,5110,6.67,35999,2024,512,Redmi
Xiaomi,195,8,16,108,MediaTek Dimensity,5500,6.67,27999,2024,128,Redmi
Xiaomi,195,12,16,108,MediaTek Dimensity,5500,6.67,30999,2024,256,Redmi
Xiaomi,190,6,16,108,Qualcomm Snapdragon,5000,6.67,24999,2024,128,Redmi
Xiaomi,190,8,16,108,Qualcomm Snapdragon,5000,6.67,27999,2024,256,Redmi
Xiaomi,185,6,16,50,MediaTek Dimensity,5000,6.67,21999,2024,128,Redmi
Xiaomi,185,8,16,50,MediaTek Dimensity,5000,6.67,24999,2024,256,Redmi
Xiaomi,180,4,16,50,Qualcomm Snapdragon,5000,6.67,18999,2024,128,Redmi
Xiaomi,180,6,16,50,Qualcomm Snapdragon,5000,6.67,21999,2024,256,Redmi
Xiaomi,195,4,8,50,MediaTek Dimensity,5000,6.5,14999,2024,64,Redmi
Xiaomi,195,6,8,50,MediaTek Dimensity,5000,6.5,16999,2024,128,Redmi
Lenovo,209,8,16,50,Qualcomm Snapdragon,5100,6.67,49999,2022,128,Other
Lenovo,209,12,16,50,Qualcomm Snapdragon,5100,6.67,54999,2022,256,Other
Lenovo,209,16,16,50,Qualcomm Snapdragon,5100,6.67,59999,2022,512,Other
Lenovo,198,4,8,48,Unisoc,5000,6.5,10999,2022,64,Other
Lenovo,198,6,8,48,Unisoc,5000,6.5,12999,2022,128,Other
Lenovo,200,6,16,64,Qualcomm Snapdragon,5000,6.8,14999,2021,128,Other
Lenovo,190,2,5,13,Unisoc,5000,6.52,7499,2021,32,Other
Lenovo,200,4,8,48,Qualcomm Snapdragon,5000,6.5,11999,2021,64,Other
Lenovo,172,4,16,13,Qualcomm Snapdragon,4050,6.22,10999,2019,64,Other
Lenovo,172,3,5,13,MediaTek Helio,4000,6.09,9999,2019,32,Other
Lenovo,164,4,16,16,Qualcomm Snapdragon,4050,6.3,13999,2019,64,Other
Lenovo,164,6,16,16,Qualcomm Snapdragon,4050,6.3,15999,2019,128,Other
Lenovo,185,6,32,48,Qualcomm Snapdragon,4000,6.39,39999,2019,128,Other
Lenovo,185,8,32,48,Qualcomm Snapdragon,4000,6.39,44999,2019,256,Other
Lenovo,210,6,16,16,Qualcomm Snapdragon,3350,6.39,21400,2018,64,Other
Motorola,168,8,32,50,Qualcomm Snapdragon,5000,6.7,29999,2024,128,Other
Motorola,168,12,32,50,Qualcomm Snapdragon,5000,6.7,34999,2024,256,Other
Motorola,186,8,50,50,Qualcomm Snapdragon,4500,6.7,34999,2024,128,Other
Motorola,186,12,50,50,Qualcomm Snapdragon,4500,6.7,39999,2024,256,Other
Motorola,192,8,32,50,Qualcomm Snapdragon,3500,6.7,59999,2023,128,Other
Motorola,192,12,32,50,Qualcomm Snapdragon,3500,6.7,64999,2023,256,Other
Motorola,166,8,16,50,Qualcomm Snapdragon,5000,6.5,19999,2023,128,Other
Motorola,166,12,16,50,Qualcomm Snapdragon,5000,6.5,22999,2023,256,Other
Motorola,195,4,16,50,MediaTek Helio,5000,6.8,21999,2023,64,Other
Motorola,195,6,16,50,MediaTek Helio,5000,6.8,24999,2023,128,Other
Motorola,180,6,25,48,Samsung Exynos,3500,6.3,19999,2024,128,Other
Motorola,180,8,25,48,Samsung Exynos,3500,6.3,22999,2024,256,Other
Motorola,170,6,32,64,Qualcomm Snapdragon,5000,6.7,27999,2024,128,Other
Motorola,170,8,32,64,Qualcomm Snapdragon,5000,6.7,29999,2024,256,Other
Motorola,198,4,8,48,Unisoc,5000,6.5,11999,2023,64,Other
Motorola,198,6,8,48,Unisoc,5000,6.5,13999,2023,128,Other
Motorola,206,4,16,50,Qualcomm Snapdragon,5000,6.6,17999,2022,64,Other
Motorola,206,6,16,50,Qualcomm Snapdragon,5000,6.6,19999,2022,128,Other
Motorola,203,3,5,13,MediaTek Helio,5000,6.5,9999,2022,32,Other
Motorola,203,4,5,13,MediaTek Helio,5000,6.5,11999,2022,64,Other
Motorola,205,8,16,50,Qualcomm Snapdragon,5000,6.78,34999,2024,128,Other
Motorola,205,8,16,50,Qualcomm Snapdragon,5000,6.78,39999,2024,256,Other
Motorola,190,8,32,64,MediaTek Dimensity,4500,6.7,29999,2024,128,Other
Motorola,190,12,32,64,MediaTek Dimensity,4500,6.7,34999,2024,256,Other
Motorola,171,8,32,50,MediaTek Dimensity,4310,6.4,39999,2024,256,Other
Motorola,171,12,32,50,MediaTek Dimensity,4310,6.4,44999,2024,512,Other
Motorola,182,8,16,50,MediaTek Dimensity,5000,6.49,26999,2024,128,Other
Motorola,182,8,16,50,MediaTek Dimensity,5000,6.49,29999,2024,256,Other
Motorola,188,4,16,50,Unisoc,5000,6.72,18999,2024,128,Other
Motorola,188,8,16,50,Unisoc,5000,6.72,22999,2024,256,Other
Motorola,183,6,16,50,Qualcomm Snapdragon,5000,6.5,22999,2024,128,Other
Motorola,183,8,16,50,Qualcomm Snapdragon,5000,6.5,26999,2024,256,Other
Motorola,180,8,32,50,Qualcomm Snapdragon,4700,6.7,44999,2024,256,Other
Motorola,180,12,32,50,Qualcomm Snapdragon,4700,6.7,49999,2024,512,Other
Motorola,189,12,32,50,Qualcomm Snapdragon,4000,6.9,99999,2024,512,Other
Motorola,188,8,32,50,Qualcomm Snapdragon,3800,6.7,79999,2024,256,Other
Motorola,173,8,32,50,Qualcomm Snapdragon,5000,6.67,29999,2024,128,Other
Motorola,173,12,32,50,Qualcomm Snapdragon,5000,6.67,34999,2024,256,Other
Motorola,170,8,32,50,MediaTek Dimensity,4300,6.5,26999,2024,256,Other
Motorola,170,12,32,50,MediaTek Dimensity,4300,6.5,29999,2024,512,Other
Motorola,180,4,8,13,Unisoc,5000,6.5,11999,2024,64,Other
Motorola,180,4,8,13,Unisoc,5000,6.5,13999,2024,128,Other
Motorola,174,8,32,50,Qualcomm Snapdragon,4700,6.7,44999,2024,256,Other
Motorola,174,12,32,50,Qualcomm Snapdragon,4700,6.7,49999,2024,512,Other
Motorola,198,12,60,200,Qualcomm Snapdragon,5000,6.9,119999,2024,512,Other
Motorola,195,6,16,50,Qualcomm Snapdragon,5000,6.8,26999,2024,256,Other
Motorola,195,8,16,50,Qualcomm Snapdragon,5000,6.8,29999,2024,512,Other
Motorola,198,12,60,200,Qualcomm Snapdragon,5000,6.9,119999,2024,512,Other
Motorola,168,8,32,50,Qualcomm Snapdragon,4400,6.55,49999,2022,128,Other
Motorola,168,12,32,50,Qualcomm Snapdragon,4400,6.55,54999,2022,256,Other
Motorola,155,6,32,64,Qualcomm Snapdragon,4020,6.28,34999,2022,128,Other
Motorola,155,8,32,64,Qualcomm Snapdragon,4020,6.28,39999,2022,256,Other
Motorola,173,6,16,50,Qualcomm Snapdragon,5000,6.6,24999,2022,128,Other
Motorola,173,8,16,50,Qualcomm Snapdragon,5000,6.6,29999,2022,256,Other
Motorola,184,4,16,50,Qualcomm Snapdragon,5000,6.5,19999,2022,128,Other
Motorola,184,6,16,50,Qualcomm Snapdragon,5000,6.5,24999,2022,256,Other
Motorola,175,4,16,50,Qualcomm Snapdragon,5000,6.4,16999,2022,128,Other
Motorola,184,4,16,50,Qualcomm Snapdragon,5000,6.5,14999,2022,128,Other
Motorola,185,3,8,16,MediaTek Helio,5000,6.5,11999,2022,64,Other
Motorola,169,2,5,16,MediaTek Helio,4020,6.5,9999,2022,32,Other
Motorola,169,4,5,16,MediaTek Helio,4020,6.5,10999,2022,64,Other
Motorola,185,4,16,50,MediaTek Helio,5000,6.5,12999,2022,64,Other
Huawei,181,8,13,50,Qualcomm Snapdragon,4100,6.5,59999,2021,128,Other
Huawei,195,8,13,50,Qualcomm Snapdragon,4360,6.6,79999,2021,128,Other
Huawei,190,8,10.7,40,Qualcomm Snapdragon,4000,6.9,129999,2021,128,Other
Huawei,188,8,13,64,HiSilicon Kirin,4200,6.5,69999,2021,128,Other
Huawei,295,8,16,50,HiSilicon Kirin,4500,8,249999,2021,128,Other
Huawei,175,8,32,50,Qualcomm Snapdragon,4300,6.57,37999,2021,128,Other
Huawei,186,8,32,50,Qualcomm Snapdragon,4000,6.72,44999,2021,128,Other
Huawei,181,8,13,50,Qualcomm Snapdragon,4100,6.5,54999,2022,128,Other
Huawei,255,8,10.7,50,Qualcomm Snapdragon,4600,7.8,199999,2022,128,Other
Huawei,202,8,13,50,Qualcomm Snapdragon,4460,6.7,84999,2022,128,Other
Huawei,205,8,13,50,Qualcomm Snapdragon,4700,6.74,99999,2022,128,Other
Huawei,168,8,60,50,Qualcomm Snapdragon,4000,6.67,39999,2022,128,Other
Huawei,191,8,60,50,Qualcomm Snapdragon,4500,6.78,49999,2022,128,Other
Huawei,184,8,16,108,Qualcomm Snapdragon,4500,6.67,34999,2022,128,Other
Huawei,197,8,13,48,Qualcomm Snapdragon,4815,6.67,84999,2023,128,Other
Huawei,200,8,13,48,Qualcomm Snapdragon,4815,6.67,99999,2023,128,Other
Huawei,206,8,13,48,Qualcomm Snapdragon,5100,6.73,119999,2023,128,Other
Huawei,239,12,8,50,Qualcomm Snapdragon,4800,7.85,249999,2023,128,Other
Huawei,209,12,13,50,HiSilicon Kirin,4750,6.7,109999,2023,128,Other
Huawei,225,12,13,50,HiSilicon Kirin,5000,6.82,129999,2023,128,Other
Huawei,235,12,13,50,HiSilicon Kirin,5200,6.82,149999,2023,128,Other
Huawei,168,8,60,50,Qualcomm Snapdragon,4500,6.7,44999,2023,128,Other
Huawei,188,8,60,50,Qualcomm Snapdragon,4500,6.78,54999,2023,128,Other
Huawei,188,12,60,50,Qualcomm Snapdragon,4500,6.78,64999,2023,128,Other
Huawei,220,12,13,50,HiSilicon Kirin,4900,6.8,84999,2024,128,Other
Huawei,220,12,13,50,HiSilicon Kirin,5050,6.8,99999,2024,128,Other
Huawei,220,12,13,50,HiSilicon Kirin,5050,6.8,114999,2024,128,Other
Huawei,226,16,13,50,HiSilicon Kirin,5200,6.8,129999,2024,128,Other
Huawei,220,12,13,50,HiSilicon Kirin,4900,6.7,89999,2024,128,Other
Huawei,220,12,13,50,HiSilicon Kirin,5000,6.8,104999,2024,128,Other
Huawei,220,12,13,50,HiSilicon Kirin,5000,6.8,119999,2024,128,Other
Huawei,241,12,8,50,HiSilicon Kirin,4800,7.93,249999,2024,128,Other
Huawei,168,8,60,50,HiSilicon Kirin,4500,6.7,44999,2024,128,Other
Huawei,188,8,60,50,HiSilicon Kirin,4500,6.78,54999,2024,128,Other
Huawei,245,12,13,50,HiSilicon Kirin,5000,7.92,259999,2024,256,Other
Huawei,245,12,13,50,HiSilicon Kirin,5000,7.92,274999,2024,512,Other
Huawei,170,8,50,50,HiSilicon Kirin,4600,6.7,47999,2024,256,Other
Huawei,170,8,50,50,HiSilicon Kirin,4600,6.7,54999,2024,512,Other
Huawei,190,8,60,50,HiSilicon Kirin,4600,6.78,59999,2024,256,Other
Huawei,190,8,60,50,HiSilicon Kirin,4600,6.78,67999,2024,512,Other
Nokia,193,4,8,50,Qualcomm Snapdragon,5000,6.56,18999,2023,128,Other
Nokia,197,4,8,48,MediaTek Helio,5050,6.52,12499,2021,64,Other
Nokia,197,4,8,48,MediaTek Helio,5050,6.52,13999,2021,128,Other
Nokia,199,3,8,50,Unisoc,5000,6.52,9999,2023,64,Other
Nokia,199,4,8,50,Unisoc,5000,6.52,10999,2023,128,Other
Nokia,190,4,8,50,Unisoc,5050,6.5,11999,2022,64,Other
Nokia,190,6,8,50,Unisoc,5050,6.5,13999,2022,128,Other
Nokia,190,2,8,13,Unisoc,5000,6.5,8499,2023,64,Other
Nokia,190,3,8,13,Unisoc,5000,6.5,9499,2023,128,Other
Nokia,198,6,16,48,Qualcomm Snapdragon,5000,6.58,22999,2022,128,Other
Sony,185,12,12,12,Qualcomm Snapdragon,5000,6.5,119999,2022,256,Other
Sony,172,8,12,12,Qualcomm Snapdragon,5000,6.1,89999,2022,128,Other
Sony,161,6,8,12,Qualcomm Snapdragon,5000,6,49999,2022,128,Other
Sony,187,12,12,48,Qualcomm Snapdragon,5000,6.5,124999,2023,256,Other
Sony,178,8,12,48,Qualcomm Snapdragon,5000,6.1,94999,2023,128,Other
Sony,164,6,8,48,Qualcomm Snapdragon,5000,6.1,54999,2023,128,Other
Sony,190,12,12,48,Qualcomm Snapdragon,5000,6.5,129999,2024,256,Other
Sony,180,8,12,48,Qualcomm Snapdragon,5000,6.1,99999,2024,128,Other
Sony,167,6,8,48,Qualcomm Snapdragon,5000,6.1,59999,2024,128,Other
Nokia,466,4,8,8,Unisoc,8200,10.4,17999,2022,128,Other
Huawei,508,12,16,13,HiSilicon Kirin,10100,12.2,49990,2024,512,Other
Huawei,580,12,16,13,HiSilicon Kirin,10100,13.2,58590,2024,512,Other
Google,147,4,8,12.2,Qualcomm Snapdragon,3000,5.6,39999,2019,64,Other
Google,167,4,8,12.2,Qualcomm Snapdragon,3700,6,44999,2019,64,Other
Google,162,6,8,12.2,Qualcomm Snapdragon,2800,5.7,59999,2019,64,Other
Google,193,6,8,12.2,Qualcomm Snapdragon,3700,6.3,69999,2019,64,Other
Google,143,6,8,12.2,Qualcomm Snapdragon,3140,5.8,31999,2020,128,Other
Google,168,6,8,12.2,Qualcomm Snapdragon,3885,6.2,37999,2020,128,Other
Google,151,8,8,12.2,Qualcomm Snapdragon,4080,6,49999,2020,128,Other
Google,183,6,8,12.2,Qualcomm Snapdragon,4680,6.34,42999,2021,128,Other
Google,207,8,8,50,Google Tensor,4614,6.4,59999,2021,128,Other
Google,210,12,11.1,50,Google Tensor,5003,6.71,79999,2021,256,Other
Google,178,6,8,12.2,Google Tensor,4410,6.1,43999,2022,128,Other
Google,197,8,10.8,50,Google Tensor,4355,6.3,64999,2022,128,Other
Google,212,12,10.8,50,Google Tensor,5000,6.7,89999,2022,256,Other
Google,193,8,10.8,64,Google Tensor,4385,6.1,44999,2023,128,Other
Google,187,8,10.5,50,Google Tensor,4575,6.2,69999,2023,128,Other
Google,213,12,10.5,50,Google Tensor,5050,6.7,99999,2023,256,Other
Google,194,8,10.5,64,Google Tensor,4385,6.1,49999,2024,128,Other
Google,195,8,10.8,50,Google Tensor,4600,6.3,74999,2024,128,Other
Google,216,12,10.8,50,Google Tensor,5050,6.7,109999,2024,256,Other
Google,222,16,10.8,50,Google Tensor,5250,6.8,129999,2024,512,Other
Google,250,16,10.8,50,Google Tensor,5500,7.6,179999,2024,512,Other
Tecno,190,4,8,13,MediaTek Helio,5000,6.6,9999,2024,64,Other
Tecno,450,8,13,50,MediaTek Helio,8000,11,29999,2024,256,Other
Tecno,195,3,5,8,Unisoc,5000,6.52,7499,2024,64,Other
Tecno,420,6,12,50,MediaTek Helio,7500,10.9,24999,2024,128,Other
Tecno,198,8,32,50,MediaTek Dimensity,5200,6.8,39999,2024,256,Other
Tecno,200,6,16,50,MediaTek Dimensity,5000,6.6,14999,2024,128,Other
Tecno,195,6,16,50,MediaTek Dimensity,5000,6.6,16999,2024,128,Other
Tecno,190,3,5,8,Unisoc,5000,6.52,6999,2024,64,Other
Tecno,205,8,32,50,MediaTek Helio,5200,6.8,19999,2024,256,Other
Tecno,192,4,16,50,MediaTek Helio,5000,6.6,12999,2024,128,Other
Tecno,280,12,32,64,MediaTek Dimensity,5500,7.85,169999,2024,512,Other
Tecno,195,8,32,50,MediaTek Dimensity,4300,6.9,79999,2024,256,Other
Tecno,225,8,16,50,MediaTek Dimensity,6000,6.8,29999,2024,256,Other
Tecno,190,4,16,50,MediaTek Helio,5000,6.6,11999,2024,128,Other
Tecno,195,3,5,8,Unisoc,5000,6.52,7499,2024,64,Other
Tecno,202,12,50,108,MediaTek Dimensity,5200,6.9,79999,2024,512,Other
Tecno,195,4,16,50,MediaTek Helio,5000,6.6,13999,2024,128,Other
Tecno,210,8,32,50,MediaTek Dimensity,5200,6.8,24999,2024,256,Other
Tecno,230,8,16,50,MediaTek Helio,6000,6.8,22999,2024,256,Other
Tecno,210,12,50,108,MediaTek Dimensity,5200,6.9,89999,2024,512,Other
Tecno,205,12,50,64,MediaTek Dimensity,5200,6.8,64999,2024,512,Other
Tecno,198,8,32,50,MediaTek Dimensity,5000,6.7,39999,2024,256,Other
Tecno,195,6,32,50,MediaTek Helio,5000,6.7,29999,2024,128,Other
Tecno,230,12,32,64,MediaTek Dimensity,6000,6.9,79999,2024,512,Other
Tecno,210,8,32,50,MediaTek Helio,5200,6.8,19999,2024,256,Other
Tecno,195,6,16,50,MediaTek Helio,5000,6.6,14999,2024,128,Other
Tecno,192,4,16,50,MediaTek Helio,5000,6.6,12999,2024,128,Other
Tecno,190,4,16,50,MediaTek Helio,5000,6.6,11999,2024,128,Other
Tecno,195,3,5,8,Unisoc,5000,6.52,7499,2024,64,Other
Tecno,195,3,5,8,Unisoc,5000,6.52,6999,2024,64,Other
Tecno,202,12,50,108,MediaTek Dimensity,5200,6.9,79999,2024,512,Other
Tecno,202,12,50,108,MediaTek Dimensity,5200,6.9,59999,2024,256,Other
Tecno,200,8,32,50,MediaTek Helio,5000,6.7,34999,2024,256,Other
Tecno,205,12,50,108,MediaTek Dimensity,5200,6.8,74999,2024,512,Other
Tecno,200,8,32,50,MediaTek Dimensity,5000,6.7,39999,2024,256,Other
Tecno,198,6,32,50,MediaTek Helio,5000,6.7,29999,2024,128,Other
Tecno,195,6,32,50,MediaTek Helio,5000,6.7,29999,2024,128,Other
Tecno,240,8,32,50,MediaTek Dimensity,6000,6.9,54999,2024,512,Other
Tecno,230,8,16,50,MediaTek Helio,6000,6.8,24999,2024,256,Other
Infinix,450,6,8,13,MediaTek Helio,7000,10.1,21999,2024,128,Other
Infinix,470,8,16,50,MediaTek Dimensity,8000,10.4,29999,2024,128,Other
Infinix,420,4,5,8,Unisoc,6000,9.7,14999,2024,128,Other
Infinix,480,12,32,50,MediaTek Dimensity,9000,11,39999,2024,128,Other
Infinix,192,6,8,50,MediaTek Helio,5000,6.78,14999,2024,128,Other
Infinix,190,4,8,50,Unisoc,5000,6.6,12499,2024,128,Other
Infinix,195,8,16,50,MediaTek Dimensity,5200,6.78,18999,2024,128,Other
Infinix,194,8,16,50,MediaTek Helio,5000,6.8,17999,2024,128,Other
Infinix,196,12,32,108,MediaTek Dimensity,5300,6.9,24999,2024,128,Other
Infinix,198,12,32,108,MediaTek Dimensity,5500,6.9,32999,2024,128,Other
Infinix,198,8,32,108,MediaTek Dimensity,5200,6.8,23999,2024,128,Other
Infinix,196,8,32,50,MediaTek Helio,5000,6.78,16999,2024,128,Other
Infinix,195,8,32,108,MediaTek Dimensity,5200,6.8,19999,2024,128,Other
Infinix,195,12,32,108,MediaTek Dimensity,5300,6.8,27999,2024,128,Other
Infinix,196,12,32,108,MediaTek Dimensity,5500,6.9,32999,2024,128,Other
Infinix,196,8,32,50,MediaTek Helio,5000,6.78,12499,2023,128,Other
Infinix,195,4,8,13,Unisoc,5000,6.6,10999,2023,128,Other
Infinix,195,8,32,108,MediaTek Helio,5000,6.78,14999,2023,128,Other
Infinix,195,12,50,108,MediaTek Dimensity,5000,6.78,24999,2024,128,Other
Infinix,195,12,50,108,MediaTek Dimensity,5000,6.78,27999,2024,128,Other
Infinix,190,8,32,108,Qualcomm Snapdragon,4500,6.7,32999,2024,128,Other
Infinix,190,8,32,108,MediaTek Helio,5000,6.78,17999,2024,128,Other
Infinix,190,12,32,108,MediaTek Dimensity,5000,6.78,22999,2024,128,Other
Infinix,196,8,8,50,MediaTek Helio,5000,6.78,12499,2023,128,Other
Infinix,191,4,8,13,Unisoc,5000,6.6,10999,2023,128,Other
Infinix,191,4,8,13,Unisoc,5000,6.6,11499,2023,128,Other
Infinix,205,4,8,16,MediaTek Helio,6000,6.82,11999,2023,128,Other
Infinix,202,8,8,50,MediaTek Dimensity,5000,6.78,17999,2023,128,Other
Infinix,185,8,50,108,MediaTek Dimensity,5000,6.78,26999,2023,256,Other
Infinix,185,12,50,108,MediaTek Dimensity,5000,6.78,29999,2023,256,Other
Infinix,187,8,32,108,MediaTek Dimensity,5000,6.67,32999,2023,256,Other
Infinix,195,6,8,13,MediaTek Helio,5000,6.82,11499,2022,128,Other
Infinix,209,4,8,13,Unisoc,6000,6.82,10499,2022,128,Other
Infinix,191,8,8,50,Unisoc,5000,6.6,12999,2022,128,Other
Infinix,190,4,8,13,MediaTek Helio,5000,6.6,9999,2022,64,Other
Infinix,198,6,8,50,MediaTek Helio,5000,6.82,12999,2022,128,Other
Infinix,209,4,8,13,MediaTek Helio,6000,6.82,10999,2022,128,Other
Infinix,202,8,8,50,MediaTek Helio,5000,6.78,14999,2022,128,Other
Infinix,204,6,8,50,MediaTek Dimensity,5000,6.6,16999,2022,128,Other
Infinix,195,4,8,13,MediaTek Helio,5000,6.6,9499,2022,64,Other
Infinix,205,4,8,48,MediaTek Helio,5000,6.82,10499,2021,128,Other
Infinix,211,6,8,48,MediaTek Helio,6000,6.82,11999,2021,128,Other
Infinix,211,6,8,48,MediaTek Helio,6000,6.82,12499,2021,128,Other
Infinix,195,3,8,13,MediaTek Helio,5000,6.6,7999,2020,64,Other
Infinix,207,4,8,13,MediaTek Helio,6000,6.82,9499,2021,64,Other
Infinix,201,4,8,13,MediaTek Helio,5200,6.6,10999,2021,128,Other
Infinix,209,4,8,13,MediaTek Helio,6000,6.82,11499,2021,128,Other
Infinix,205,6,8,50,MediaTek Helio,5000,6.78,12999,2021,128,Other
Infinix,195,2,5,8,MediaTek Helio,5000,6.1,5999,2020,32,Other
Infinix,210,6,8,48,MediaTek Helio,5200,6.78,12999,2020,128,Other
Infinix,210,6,16,64,MediaTek Helio,5200,6.95,15999,2020,128,Other
Infinix,210,8,16,48,MediaTek Helio,4500,6.85,17999,2020,128,Other
Infinix,204,4,8,16,MediaTek Helio,5200,6.78,10999,2020,128,Other
Infinix,205,8,48,64,MediaTek Helio,4500,6.85,19999,2020,128,Other
Infinix,195,3,8,13,MediaTek Helio,5000,6.6,7499,2020,64,Other
Honor,175,4,8,48,HiSilicon Kirin,3750,6.5,15999,2020,128,Other
Honor,185,8,32,40,HiSilicon Kirin,4000,6.53,29999,2020,128,Other
Honor,190,8,32,50,HiSilicon Kirin,4000,6.57,39999,2020,128,Other
Honor,192,12,32,50,HiSilicon Kirin,4000,6.57,45999,2020,128,Other
Honor,190,6,16,64,HiSilicon Kirin,4000,6.5,22999,2020,128,Other
Honor,203,6,16,40,HiSilicon Kirin,4300,6.63,19999,2020,128,Other
Honor,227,8,8,48,MediaTek Dimensity,5000,7.09,25999,2020,128,Other
Honor,213,6,16,64,MediaTek Dimensity,4300,6.81,21999,2020,128,Other
Honor,213,8,32,40,HiSilicon Kirin,4200,6.57,29999,2020,128,Other
Honor,206,4,8,48,HiSilicon Kirin,5000,6.67,13999,2020,128,Other
Honor,189,8,16,50,MediaTek Dimensity,4000,6.72,37999,2021,128,Other
Honor,175,8,32,108,Qualcomm Snapdragon,4300,6.57,37999,2021,128,Other
Honor,187,8,32,108,Qualcomm Snapdragon,4000,6.72,44999,2021,128,Other
Honor,191,8,16,108,MediaTek Dimensity,4000,6.78,29999,2021,128,Other
Honor,192,6,16,64,MediaTek Dimensity,4300,6.67,25999,2021,128,Other
Honor,179,6,16,64,MediaTek Dimensity,4000,6.6,22999,2021,128,Other
Honor,179,8,16,64,MediaTek Dimensity,3800,6.53,19999,2021,128,Other
Honor,191,6,8,13,Unisoc,5000,6.5,14999,2021,128,Other
Honor,202,8,13,50,Qualcomm Snapdragon,4600,6.76,64999,2021,128,Other
Honor,213,8,13,50,Qualcomm Snapdragon,4600,6.76,74999,2021,128,Other
Honor,236,12,13,50,Qualcomm Snapdragon,4600,6.76,84999,2021,128,Other
Honor,179,8,32,108,Qualcomm Snapdragon,4800,6.67,41999,2021,128,Other
Honor,192,8,50,108,Qualcomm Snapdragon,4800,6.78,49999,2021,128,Other
Honor,191,8,16,64,MediaTek Dimensity,4300,6.67,29999,2021,128,Other
Honor,189,6,16,48,Qualcomm Snapdragon,4800,6.81,27999,2021,128,Other
Honor,175,6,16,48,MediaTek Dimensity,4000,6.7,22999,2021,128,Other
Honor,228,8,8,64,MediaTek Dimensity,5000,7.09,35999,2021,128,Other
Honor,190,6,5,13,MediaTek Helio,5000,6.52,12999,2022,128,Other
Honor,198,6,5,13,MediaTek Dimensity,5000,6.74,16999,2022,128,Other
Honor,199,8,12,50,Qualcomm Snapdragon,4800,6.81,72999,2022,128,Other
Honor,215,8,12,50,Qualcomm Snapdragon,4600,6.81,84999,2022,128,Other
Honor,242,12,12,50,Qualcomm Snapdragon,4600,6.81,99999,2022,128,Other
Honor,288,12,42,50,Qualcomm Snapdragon,4750,7.9,149999,2022,128,Other
Honor,178,8,32,54,Qualcomm Snapdragon,4800,6.67,46999,2022,128,Other
Honor,192,8,50,54,MediaTek Dimensity,4500,6.78,59999,2022,128,Other
Honor,209,12,50,54,MediaTek Dimensity,4500,6.78,69999,2022,128,Other
Honor,172,6,8,50,Qualcomm Snapdragon,5100,6.67,26999,2022,128,Other
Honor,175,6,8,50,MediaTek Dimensity,4000,6.7,22999,2022,128,Other
Honor,196,4,5,13,MediaTek Helio,5200,6.74,12499,2023,128,Other
Honor,199,6,5,13,MediaTek Dimensity,5200,6.74,14999,2023,128,Other
Honor,204,8,12,50,Qualcomm Snapdragon,5100,6.81,79999,2023,128,Other
Honor,219,12,12,50,Qualcomm Snapdragon,5100,6.81,99999,2023,128,Other
Honor,234,16,12,50,Qualcomm Snapdragon,5450,6.81,119999,2023,128,Other
Honor,267,12,16,50,Qualcomm Snapdragon,5000,7.9,149999,2023,128,Other
Honor,180,8,32,160,Qualcomm Snapdragon,4800,6.67,46999,2022,128,Other
Honor,193,12,50,160,Qualcomm Snapdragon,4800,6.78,69999,2022,128,Other
Honor,175,8,32,64,MediaTek Dimensity,4600,6.67,34999,2022,128,Other
Honor,185,6,8,108,Qualcomm Snapdragon,5800,6.78,28999,2023,128,Other
Honor,179,6,8,100,MediaTek Dimensity,4500,6.7,21999,2023,128,Other
Honor,191,4,5,13,MediaTek Helio,5000,6.52,11499,2023,128,Other
Honor,195,6,5,50,MediaTek Dimensity,5200,6.74,13999,2023,128,Other
Honor,203,8,12,50,Qualcomm Snapdragon,5200,6.81,89999,2024,128,Other
Honor,219,12,12,50,Qualcomm Snapdragon,5500,6.81,109999,2024,128,Other
Honor,234,16,12,50,Qualcomm Snapdragon,5550,6.81,129999,2024,128,Other
Honor,231,12,16,50,Qualcomm Snapdragon,5000,7.92,159999,2024,128,Other
Honor,183,12,50,200,Qualcomm Snapdragon,5000,6.7,54999,2023,128,Other
Honor,192,12,50,200,Qualcomm Snapdragon,5000,6.78,64999,2023,128,Other
Honor,175,8,32,64,MediaTek Dimensity,4600,6.67,34999,2023,128,Other
Honor,185,6,8,108,Qualcomm Snapdragon,5800,6.78,28999,2023,128,Other
Honor,179,6,8,100,MediaTek Dimensity,4500,6.7,21999,2023,128,Other
Honor,191,4,5,13,MediaTek Helio,5000,6.52,11499,2023,128,Other
Honor,195,6,5,50,MediaTek Dimensity,5200,6.74,13999,2023,128,Other
Honor,203,8,12,50,Qualcomm Snapdragon,5200,6.81,89999,2024,128,Other
Honor,219,12,12,50,Qualcomm Snapdragon,5500,6.81,109999,2024,128,Other
Honor,234,16,12,50,Qualcomm Snapdragon,5550,6.81,129999,2024,128,Other
Honor,231,12,16,50,Qualcomm Snapdragon,5000,7.92,159999,2024,128,Other
Honor,460,4,2,5,Qualcomm Snapdragon,5100,10.1,17999,2020,128,Other
Honor,460,3,2,5,MediaTek Helio,5100,9.7,14999,2020,128,Other
Honor,460,4,2,5,MediaTek Helio,5100,10.1,19999,2021,128,Other
Honor,480,6,8,13,MediaTek Dimensity,7250,10.4,34999,2021,128,Other
Honor,485,8,8,13,MediaTek Dimensity,7250,11,44999,2021,128,Other
Honor,520,6,5,5,Qualcomm Snapdragon,7250,12,24999,2022,128,Other
Honor,460,4,2,5,MediaTek Helio,5100,10.1,16999,2022,128,Other
Honor,450,3,2,5,MediaTek Helio,5000,9.7,12999,2022,128,Other
Honor,510,6,5,13,MediaTek Dimensity,7250,11,39999,2023,128,Other
Honor,530,8,8,13,MediaTek Dimensity,8500,12.1,54999,2023,128,Other
Honor,550,8,8,13,Qualcomm Snapdragon,8300,12.1,34999,2024,128,Other
Honor,560,12,8,13,MediaTek Dimensity,9000,12.6,44999,2024,128,Other
Honor,495,6,5,8,Qualcomm Snapdragon,7250,11.5,22999,2023,128,Other
Honor,460,4,2,5,MediaTek Helio,5100,10.1,16999,2023,128,Other
Honor,590,12,8,13,Qualcomm Snapdragon,10000,13,64999,2023,128,Other
Honor,580,16,12,16,Qualcomm Snapdragon,10500,13.2,74999,2024,128,Other
Honor,450,4,2,5,MediaTek Helio,5000,9.7,12999,2023,128,Other
Honor,460,3,2,5,MediaTek Helio,5100,9.7,10999,2023,128,Other
Honor,505,8,8,13,Qualcomm Snapdragon,8000,11.6,29999,2024,128,Other
Honor,530,8,8,13,MediaTek Dimensity,8500,12.1,54999,2024,128,Other
Honor,610,12,12,16,Qualcomm Snapdragon,10500,13.5,84999,2024,128,Other
Honor,475,6,5,8,Qualcomm Snapdragon,8850,12.1,29999,2024,128,Other
Honor,485,8,8,13,Qualcomm Snapdragon,9000,12.6,39999,2024,128,Other
Honor,590,12,12,16,Qualcomm Snapdragon,10500,13,64999,2024,128,Other
Honor,530,8,8,13,MediaTek Dimensity,8500,12.1,54999,2024,128,Other
Poco,219,6,20,64,Qualcomm Snapdragon,4700,6.67,37999,2020,128,Other
Poco,209,4,16,48,Qualcomm Snapdragon,5000,6.67,13999,2020,64,Other
Poco,215,6,20,64,Qualcomm Snapdragon,5160,6.67,16999,2020,128,Other
Poco,198,4,8,48,Qualcomm Snapdragon,6000,6.53,10999,2020,64,Other
Poco,196,6,20,48,Qualcomm Snapdragon,4520,6.67,29999,2021,128,Other
Poco,215,6,20,48,Qualcomm Snapdragon,5160,6.67,18999,2021,128,Other
Poco,190,4,8,48,MediaTek Dimensity,5000,6.5,13999,2021,64,Other
Poco,205,6,16,64,MediaTek Dimensity,5065,6.67,25999,2021,128,Other
Poco,193,6,16,64,MediaTek Dimensity,5000,6.6,21999,2021,128,Other
Poco,195,4,16,50,MediaTek Dimensity,5000,6.6,14999,2021,128,Other
Poco,195,6,20,64,Qualcomm Snapdragon,4500,6.67,27999,2022,128,Other
Poco,210,8,20,64,Qualcomm Snapdragon,4700,6.67,39999,2022,128,Other
Poco,205,6,16,108,Qualcomm Snapdragon,5000,6.67,18999,2022,128,Other
Poco,179,6,16,64,MediaTek Helio,5000,6.43,14999,2022,128,Other
Poco,201,4,5,50,MediaTek Helio,5000,6.58,12499,2022,128,Other
Poco,178.8,4,13,64,MediaTek Helio,5000,6.43,13999,2022,128,Other
Poco,181,6,16,64,Qualcomm Snapdragon,5000,6.67,29999,2023,128,Other
Poco,204,8,20,64,Qualcomm Snapdragon,5160,6.67,39999,2023,256,Other
Poco,189,6,13,48,Qualcomm Snapdragon,5000,6.67,18999,2023,128,Other
Poco,181,6,16,108,Qualcomm Snapdragon,5000,6.67,22999,2023,128,Other
Poco,199,4,8,50,MediaTek Helio,5000,6.58,12999,2023,64,Other
Poco,202,6,8,50,Qualcomm Snapdragon,5000,6.79,14999,2023,128,Other
Poco,193,6,16,64,MediaTek Dimensity,5000,6.67,21999,2024,128,Other
Poco,205,8,20,108,MediaTek Dimensity,5000,6.67,24999,2024,256,Other
Poco,190,6,20,64,Qualcomm Snapdragon,5000,6.67,34999,2024,128,Other
Poco,210,8,20,108,Qualcomm Snapdragon,5160,6.67,44999,2024,256,Other
Poco,190,4,5,50,MediaTek Helio,5000,6.5,10999,2024,64,Other
Poco,195,6,16,64,MediaTek Dimensity,5000,6.67,22999,2025,128,Other
Poco,207,8,20,108,MediaTek Dimensity,6000,6.67,27999,2025,256,Other
Poco,198,6,8,50,MediaTek Dimensity,5110,6.67,15999,2024,128,Other
Poco,571,8,8,8,Qualcomm Snapdragon,10000,12.1,23999,2024,128,Other
Poco,571,8,8,8,Qualcomm Snapdragon,10000,12.1,25999,2024,256,Other
Samsung,239,12,10,50,Qualcomm Snapdragon,4400,7.6,164999,2024,256,Galaxy
Samsung,239,12,10,50,Qualcomm Snapdragon,4400,7.6,176999,2024,512,Galaxy
Samsung,239,12,10,50,Qualcomm Snapdragon,4400,7.6,200999,2024,1024,Galaxy
